{
  "system_metrics": {
    "base_llm": {
      "total_questions": 100,
      "avg_llm_score": 5.42,
      "avg_response_time": 1.2646814465522767,
      "avg_input_tokens": 8501.65,
      "avg_output_tokens": 38.72,
      "avg_cost_per_query": 0.0012984795,
      "avg_retrieved_docs": 0.0,
      "quality_adjusted_latency": 2.333360602494975,
      "cost_efficiency_score": 4174.112875867505,
      "latency_efficiency_score": 4.285664200084365,
      "total_cost_1000_queries": 1.2984795,
      "total_cost_10000_queries": 12.984794999999998,
      "total_cost_100000_queries": 129.84795,
      "total_latency_1000_queries": 1264.6814465522766,
      "total_latency_10000_queries": 12646.814465522766,
      "total_latency_100000_queries": 126468.14465522766
    },
    "narrativeqa_rag": {
      "total_questions": 100,
      "avg_llm_score": 3.47,
      "avg_response_time": 10.544411146640778,
      "avg_input_tokens": 17992.79,
      "avg_output_tokens": 37.85,
      "avg_cost_per_query": 0.0036966284999999997,
      "avg_retrieved_docs": 20.0,
      "quality_adjusted_latency": 30.387352007610307,
      "cost_efficiency_score": 938.6931902948864,
      "latency_efficiency_score": 0.32908428472133955,
      "total_cost_1000_queries": 3.6966284999999997,
      "total_cost_10000_queries": 36.966285,
      "total_cost_100000_queries": 369.66285,
      "total_latency_1000_queries": 10544.411146640778,
      "total_latency_10000_queries": 105444.11146640778,
      "total_latency_100000_queries": 1054441.1146640778
    },
    "narrativeqa_hybrid_rag_neural": {
      "total_questions": 100,
      "avg_llm_score": 4.3,
      "avg_response_time": 32.94503812074661,
      "avg_input_tokens": 5062.06,
      "avg_output_tokens": 52.0,
      "avg_cost_per_query": 0.001052784,
      "avg_retrieved_docs": 5.38,
      "quality_adjusted_latency": 76.61636772266654,
      "cost_efficiency_score": 4084.408577637958,
      "latency_efficiency_score": 0.1305204135518102,
      "total_cost_1000_queries": 1.052784,
      "total_cost_10000_queries": 10.52784,
      "total_cost_100000_queries": 105.27839999999999,
      "total_latency_1000_queries": 32945.03812074661,
      "total_latency_10000_queries": 329450.38120746607,
      "total_latency_100000_queries": 3294503.812074661
    },
    "hybrid_bm25_dense": {
      "total_questions": 100,
      "avg_llm_score": 5.0725,
      "avg_response_time": 10.666006414890289,
      "avg_input_tokens": 8225.21,
      "avg_output_tokens": 53.08,
      "avg_cost_per_query": 0.0017531295,
      "avg_retrieved_docs": 10.0,
      "quality_adjusted_latency": 21.027119595643743,
      "cost_efficiency_score": 2893.3972076791815,
      "latency_efficiency_score": 0.47557631250985666,
      "total_cost_1000_queries": 1.7531295,
      "total_cost_10000_queries": 17.531295,
      "total_cost_100000_queries": 175.31295,
      "total_latency_1000_queries": 10666.00641489029,
      "total_latency_10000_queries": 106660.0641489029,
      "total_latency_100000_queries": 1066600.641489029
    },
    "hybrid_dense_only": {
      "total_questions": 100,
      "avg_llm_score": 3.35,
      "avg_response_time": 11.351626543998718,
      "avg_input_tokens": 6236.16,
      "avg_output_tokens": 50.95,
      "avg_cost_per_query": 0.0014534939999999998,
      "avg_retrieved_docs": 10.0,
      "quality_adjusted_latency": 33.88545237014542,
      "cost_efficiency_score": 2304.7910758489547,
      "latency_efficiency_score": 0.29511189317367476,
      "total_cost_1000_queries": 1.4534939999999998,
      "total_cost_10000_queries": 14.534939999999999,
      "total_cost_100000_queries": 145.34939999999997,
      "total_latency_1000_queries": 11351.626543998718,
      "total_latency_10000_queries": 113516.26543998718,
      "total_latency_100000_queries": 1135162.6543998718
    },
    "hybrid_bm25_only": {
      "total_questions": 100,
      "avg_llm_score": 5.0975,
      "avg_response_time": 10.489913716316224,
      "avg_input_tokens": 8855.89,
      "avg_output_tokens": 54.19,
      "avg_cost_per_query": 0.0018483975,
      "avg_retrieved_docs": 10.0,
      "quality_adjusted_latency": 20.578545789732658,
      "cost_efficiency_score": 2757.7942515070486,
      "latency_efficiency_score": 0.48594298655395474,
      "total_cost_1000_queries": 1.8483975000000001,
      "total_cost_10000_queries": 18.483975,
      "total_cost_100000_queries": 184.83975,
      "total_latency_1000_queries": 10489.913716316223,
      "total_latency_10000_queries": 104899.13716316223,
      "total_latency_100000_queries": 1048991.3716316223
    }
  },
  "category_metrics": {
    "factual": {
      "base_llm": {
        "avg_score": 5.296511627906977,
        "avg_time": 1.184429917224618,
        "count": 86
      },
      "narrativeqa_rag": {
        "avg_score": 3.302325581395349,
        "avg_time": 10.532321134278941,
        "count": 86
      },
      "narrativeqa_hybrid_rag_neural": {
        "avg_score": 3.9767441860465116,
        "avg_time": 25.76538492635239,
        "count": 86
      },
      "hybrid_bm25_dense": {
        "avg_score": 4.921511627906977,
        "avg_time": 10.820644628169925,
        "count": 86
      },
      "hybrid_dense_only": {
        "avg_score": 3.186046511627907,
        "avg_time": 11.633042756901231,
        "count": 86
      },
      "hybrid_bm25_only": {
        "avg_score": 4.857558139534884,
        "avg_time": 10.595700804577318,
        "count": 86
      }
    },
    "inferential": {
      "base_llm": {
        "avg_score": 6.178571428571429,
        "avg_time": 1.7576551267078944,
        "count": 14
      },
      "narrativeqa_rag": {
        "avg_score": 4.5,
        "avg_time": 10.618678365434919,
        "count": 14
      },
      "narrativeqa_hybrid_rag_neural": {
        "avg_score": 6.285714285714286,
        "avg_time": 77.04862202916827,
        "count": 14
      },
      "hybrid_bm25_dense": {
        "avg_score": 6.0,
        "avg_time": 9.716085961886815,
        "count": 14
      },
      "hybrid_dense_only": {
        "avg_score": 4.357142857142857,
        "avg_time": 9.622926950454712,
        "count": 14
      },
      "hybrid_bm25_only": {
        "avg_score": 6.571428571428571,
        "avg_time": 9.840078745569501,
        "count": 14
      }
    }
  },
  "break_even_analysis": {
    "base_cost_per_score": 0.00023957186346863467,
    "hybrid_cost_per_score": 0.00034561448989650075,
    "hybrid_cost_advantage": -0.4426338923633636,
    "latency_penalty": 7.433749418849721,
    "quality_gain": -0.06411439114391147
  },
  "metadata": {
    "analysis_date": "2025-11-26T22:25:21.014222",
    "pricing": {
      "input_price_per_1k": 0.15,
      "output_price_per_1k": 0.6,
      "embedding_price_per_1k": 0.13
    }
  }
}