{
  "system_metrics": {
    "base_llm": {
      "total_questions": 100,
      "avg_llm_score": 5.42,
      "avg_response_time": 1.2646814465522767,
      "avg_input_tokens": 8501.65,
      "avg_output_tokens": 38.72,
      "avg_cost_per_query": 0.0012984795,
      "avg_retrieved_docs": 0.0,
      "quality_adjusted_latency": 2.333360602494975,
      "cost_efficiency_score": 4174.112875867505,
      "latency_efficiency_score": 4.285664200084365,
      "total_cost_1000_queries": 1.2984795,
      "total_cost_10000_queries": 12.984794999999998,
      "total_cost_100000_queries": 129.84795,
      "total_latency_1000_queries": 1264.6814465522766,
      "total_latency_10000_queries": 12646.814465522766,
      "total_latency_100000_queries": 126468.14465522766,
      "one_time_setup_cost": 0.0,
      "estimated_total_chunks": 0
    },
    "narrativeqa_rag": {
      "total_questions": 100,
      "avg_llm_score": 3.47,
      "avg_response_time": 10.544411146640778,
      "avg_input_tokens": 17992.79,
      "avg_output_tokens": 37.85,
      "avg_cost_per_query": 0.0027230442,
      "avg_retrieved_docs": 20.0,
      "quality_adjusted_latency": 30.387352007610307,
      "cost_efficiency_score": 1274.3090986183772,
      "latency_efficiency_score": 0.32908428472133955,
      "total_cost_1000_queries": 2.7230442,
      "total_cost_10000_queries": 27.230442,
      "total_cost_100000_queries": 272.30442,
      "total_latency_1000_queries": 10544.411146640778,
      "total_latency_10000_queries": 105444.11146640778,
      "total_latency_100000_queries": 1054441.1146640778,
      "one_time_setup_cost": 0.09750000000000002,
      "estimated_total_chunks": 2000.0
    },
    "narrativeqa_hybrid_rag_neural": {
      "total_questions": 100,
      "avg_llm_score": 4.3,
      "avg_response_time": 32.94503812074661,
      "avg_input_tokens": 5062.06,
      "avg_output_tokens": 52.0,
      "avg_cost_per_query": 0.0007919246999999999,
      "avg_retrieved_docs": 5.38,
      "quality_adjusted_latency": 76.61636772266654,
      "cost_efficiency_score": 5429.809172513498,
      "latency_efficiency_score": 0.1305204135518102,
      "total_cost_1000_queries": 0.7919246999999998,
      "total_cost_10000_queries": 7.919246999999999,
      "total_cost_100000_queries": 79.19246999999999,
      "total_latency_1000_queries": 32945.03812074661,
      "total_latency_10000_queries": 329450.38120746607,
      "total_latency_100000_queries": 3294503.812074661,
      "one_time_setup_cost": 0.026227500000000004,
      "estimated_total_chunks": 538.0
    },
    "hybrid_bm25_dense": {
      "total_questions": 100,
      "avg_llm_score": 5.0725,
      "avg_response_time": 10.666006414890289,
      "avg_input_tokens": 8225.21,
      "avg_output_tokens": 53.08,
      "avg_cost_per_query": 0.0012670452,
      "avg_retrieved_docs": 10.0,
      "quality_adjusted_latency": 21.027119595643743,
      "cost_efficiency_score": 4003.4088760211553,
      "latency_efficiency_score": 0.47557631250985666,
      "total_cost_1000_queries": 1.2670451999999999,
      "total_cost_10000_queries": 12.670452,
      "total_cost_100000_queries": 126.70451999999999,
      "total_latency_1000_queries": 10666.00641489029,
      "total_latency_10000_queries": 106660.0641489029,
      "total_latency_100000_queries": 1066600.641489029,
      "one_time_setup_cost": 0.04875000000000001,
      "estimated_total_chunks": 1000.0
    },
    "hybrid_dense_only": {
      "total_questions": 100,
      "avg_llm_score": 3.35,
      "avg_response_time": 11.351626543998718,
      "avg_input_tokens": 6236.16,
      "avg_output_tokens": 50.95,
      "avg_cost_per_query": 0.0009674096999999999,
      "avg_retrieved_docs": 10.0,
      "quality_adjusted_latency": 33.88545237014542,
      "cost_efficiency_score": 3462.8554995882305,
      "latency_efficiency_score": 0.29511189317367476,
      "total_cost_1000_queries": 0.9674096999999999,
      "total_cost_10000_queries": 9.674097,
      "total_cost_100000_queries": 96.74096999999999,
      "total_latency_1000_queries": 11351.626543998718,
      "total_latency_10000_queries": 113516.26543998718,
      "total_latency_100000_queries": 1135162.6543998718,
      "one_time_setup_cost": 0.04875000000000001,
      "estimated_total_chunks": 1000.0
    },
    "hybrid_bm25_only": {
      "total_questions": 100,
      "avg_llm_score": 5.0975,
      "avg_response_time": 10.489913716316224,
      "avg_input_tokens": 8855.89,
      "avg_output_tokens": 54.19,
      "avg_cost_per_query": 0.0013623131999999998,
      "avg_retrieved_docs": 10.0,
      "quality_adjusted_latency": 20.578545789732658,
      "cost_efficiency_score": 3741.797407527139,
      "latency_efficiency_score": 0.48594298655395474,
      "total_cost_1000_queries": 1.3623131999999998,
      "total_cost_10000_queries": 13.623131999999998,
      "total_cost_100000_queries": 136.23131999999998,
      "total_latency_1000_queries": 10489.913716316223,
      "total_latency_10000_queries": 104899.13716316223,
      "total_latency_100000_queries": 1048991.3716316223,
      "one_time_setup_cost": 0.04875000000000001,
      "estimated_total_chunks": 1000.0
    }
  },
  "category_metrics": {
    "factual": {
      "base_llm": {
        "avg_score": 5.296511627906977,
        "avg_time": 1.184429917224618,
        "count": 86
      },
      "narrativeqa_rag": {
        "avg_score": 3.302325581395349,
        "avg_time": 10.532321134278941,
        "count": 86
      },
      "narrativeqa_hybrid_rag_neural": {
        "avg_score": 3.9767441860465116,
        "avg_time": 25.76538492635239,
        "count": 86
      },
      "hybrid_bm25_dense": {
        "avg_score": 4.921511627906977,
        "avg_time": 10.820644628169925,
        "count": 86
      },
      "hybrid_dense_only": {
        "avg_score": 3.186046511627907,
        "avg_time": 11.633042756901231,
        "count": 86
      },
      "hybrid_bm25_only": {
        "avg_score": 4.857558139534884,
        "avg_time": 10.595700804577318,
        "count": 86
      }
    },
    "inferential": {
      "base_llm": {
        "avg_score": 6.178571428571429,
        "avg_time": 1.7576551267078944,
        "count": 14
      },
      "narrativeqa_rag": {
        "avg_score": 4.5,
        "avg_time": 10.618678365434919,
        "count": 14
      },
      "narrativeqa_hybrid_rag_neural": {
        "avg_score": 6.285714285714286,
        "avg_time": 77.04862202916827,
        "count": 14
      },
      "hybrid_bm25_dense": {
        "avg_score": 6.0,
        "avg_time": 9.716085961886815,
        "count": 14
      },
      "hybrid_dense_only": {
        "avg_score": 4.357142857142857,
        "avg_time": 9.622926950454712,
        "count": 14
      },
      "hybrid_bm25_only": {
        "avg_score": 6.571428571428571,
        "avg_time": 9.840078745569501,
        "count": 14
      }
    }
  },
  "break_even_analysis": {
    "cost_savings_per_query": 3.143429999999999e-05,
    "cost_savings_1000": 0.03143429999999999,
    "cost_savings_10000": 0.31434299999999993,
    "cost_savings_100000": 3.143429999999999,
    "base_cost_per_score": 0.00023957186346863467,
    "hybrid_cost_per_score": 0.00024978712666338097,
    "hybrid_cost_advantage": -0.042639661631565934,
    "hybrid_is_cheaper": false,
    "latency_penalty": 7.433749418849721,
    "quality_gain": -0.06411439114391147
  },
  "metadata": {
    "analysis_date": "2025-11-26T22:32:20.124242",
    "pricing": {
      "input_price_per_1k": 0.15,
      "output_price_per_1k": 0.6,
      "embedding_price_per_1k": 0.13
    }
  }
}